SET FOREIGN_KEY_CHECKS = 0;
INSERT INTO region (id_region, nombre) VALUES 
(1, 'Arica y Parinacota'),
(2, 'Tarapacá'),
(3, 'Antofagasta'),
(4, 'Atacama'),
(5, 'Coquimbo'),
(6, 'Valparaíso'),
(7, 'Metropolitana de Santiago'),
(8, 'Libertador General Bernardo O''Higgins'),
(9, 'Maule'),
(10, 'Ñuble'),
(11, 'Biobío'),
(12, 'La Araucanía'),
(13, 'Los Ríos'),
(14, 'Los Lagos'),
(15, 'Aysén del General Carlos Ibáñez del Campo'),
(16, 'Magallanes y de la Antártica Chilena');


INSERT INTO comuna (nombre, id_region) VALUES
('Arica', 1), ('Camarones', 1), ('Putre', 1), ('General Lagos', 1),
('Iquique', 2), ('Alto Hospicio', 2), ('Pozo Almonte', 2), ('Camiña', 2), ('Colchane', 2), ('Huara', 2), ('Pica', 2),
('Antofagasta', 3), ('Mejillones', 3), ('Sierra Gorda', 3), ('Taltal', 3), ('Calama', 3), ('Ollagüe', 3), ('San Pedro de Atacama', 3), ('Tocopilla', 3), ('María Elena', 3),
('Copiapó', 4), ('Caldera', 4), ('Tierra Amarilla', 4), ('Chañaral', 4), ('Diego de Almagro', 4), ('Vallenar', 4), ('Alto del Carmen', 4), ('Freirina', 4), ('Huasco', 4),
('La Serena', 5), ('Coquimbo', 5), ('Andacollo', 5), ('La Higuera', 5), ('Paiguano', 5), ('Vicuña', 5), ('Illapel', 5), ('Canela', 5), ('Los Vilos', 5), ('Salamanca', 5), ('Ovalle', 5), ('Combarbalá', 5), ('Monte Patria', 5), ('Punitaqui', 5), ('Río Hurtado', 5),
('Valparaíso', 6), ('Casablanca', 6), ('Concón', 6), ('Juan Fernández', 6), ('Puchuncaví', 6), ('Quintero', 6), ('Viña del Mar', 6), ('Isla de Pascua', 6), ('Los Andes', 6), ('Calle Larga', 6), ('Rinconada', 6), ('San Esteban', 6), ('La Ligua', 6), ('Cabildo', 6), ('Papudo', 6), ('Petorca', 6), ('Zapallar', 6), ('Quillota', 6), ('Calera', 6), ('Hijuelas', 6), ('La Cruz', 6), ('Nogales', 6), ('San Antonio', 6), ('Algarrobo', 6), ('Cartagena', 6), ('El Quisco', 6), ('El Tabo', 6), ('Santo Domingo', 6), ('San Felipe', 6), ('Catemu', 6), ('Llaillay', 6), ('Panquehue', 6), ('Putaendo', 6), ('Santa María', 6), ('Quilpué', 6), ('Limache', 6), ('Olmué', 6), ('Villa Alemana', 6),
('Cerrillos', 7), ('Cerro Navia', 7), ('Conchalí', 7), ('El Bosque', 7), ('Estación Central', 7), ('Huechuraba', 7), ('Independencia', 7), ('La Cisterna', 7), ('La Florida', 7), ('La Granja', 7), ('La Pintana', 7), ('La Reina', 7), ('Las Condes', 7), ('Lo Barnechea', 7), ('Lo Espejo', 7), ('Lo Prado', 7), ('Macul', 7), ('Maipú', 7), ('Ñuñoa', 7), ('Pedro Aguirre Cerda', 7), ('Peñalolén', 7), ('Providencia', 7), ('Pudahuel', 7), ('Quilicura', 7), ('Quinta Normal', 7), ('Recoleta', 7), ('Renca', 7), ('San Joaquín', 7), ('San Miguel', 7), ('San Ramón', 7), ('Santiago', 7), ('Vitacura', 7), ('Puente Alto', 7), ('Pirque', 7), ('San José de Maipo', 7), ('Colina', 7), ('Lampa', 7), ('Tiltil', 7), ('San Bernardo', 7), ('Buin', 7), ('Calera de Tango', 7), ('Paine', 7), ('Melipilla', 7), ('Alhué', 7), ('Curacaví', 7), ('María Pinto', 7), ('San Pedro', 7), ('Talagante', 7), ('El Monte', 7), ('Isla de Maipo', 7), ('Padre Hurtado', 7), ('Peñaflor', 7),
('Rancagua', 8), ('Codegua', 8), ('Coinco', 8), ('Coltauco', 8), ('Doñihue', 8), ('Graneros', 8), ('Las Cabras', 8), ('Machalí', 8), ('Malloa', 8), ('Mostazal', 8), ('Olivar', 8), ('Peumo', 8), ('Pichidegua', 8), ('Quinta de Tilcoco', 8), ('Rengo', 8), ('Requínoa', 8), ('San Vicente', 8), ('Pichilemu', 8), ('La Estrella', 8), ('Litueche', 8), ('Marchigüe', 8), ('Navidad', 8), ('Paredones', 8), ('San Fernando', 8), ('Chépica', 8), ('Chimbarongo', 8), ('Lolol', 8), ('Nancagua', 8), ('Palmilla', 8), ('Peralillo', 8), ('Placilla', 8), ('Pumanque', 8), ('Santa Cruz', 8),
('Talca', 9), ('Constitución', 9), ('Curepto', 9), ('Empedrado', 9), ('Maule', 9), ('Pelarco', 9), ('Pencahue', 9), ('Río Claro', 9), ('San Clemente', 9), ('San Rafael', 9), ('Cauquenes', 9), ('Chanco', 9), ('Pelluhue', 9), ('Curicó', 9), ('Hualañé', 9), ('Licantén', 9), ('Molina', 9), ('Rauco', 9), ('Romeral', 9), ('Sagrada Familia', 9), ('Teno', 9), ('Vichuquén', 9), ('Linares', 9), ('Colbún', 9), ('Longaví', 9), ('Parral', 9), ('Retiro', 9), ('San Javier', 9), ('Villa Alegre', 9), ('Yerbas Buenas', 9),
('Chillán', 10), ('Bulnes', 10), ('Chillán Viejo', 10), ('El Carmen', 10), ('Pemuco', 10), ('Pinto', 10), ('Quillón', 10), ('San Ignacio', 10), ('Yungay', 10), ('Quirihue', 10), ('Cobquecura', 10), ('Coelemu', 10), ('Ninhue', 10), ('Portezuelo', 10), ('Ránquil', 10), ('Trehuaco', 10), ('San Carlos', 10), ('Coihueco', 10), ('Ñiquén', 10), ('San Fabián', 10), ('San Nicolás', 10),
('Concepción', 11), ('Coronel', 11), ('Chiguayante', 11), ('Florida', 11), ('Hualqui', 11), ('Lota', 11), ('Penco', 11), ('San Pedro de la Paz', 11), ('Santa Juana', 11), ('Talcahuano', 11), ('Tomé', 11), ('Hualpén', 11), ('Lebu', 11), ('Arauco', 11), ('Cañete', 11), ('Contulmo', 11), ('Curanilahue', 11), ('Los Alamos', 11), ('Tirúa', 11), ('Los Angeles', 11), ('Antuco', 11), ('Cabrero', 11), ('Laja', 11), ('Mulchén', 11), ('Nacimiento', 11), ('Negrete', 11), ('Quilleco', 11), ('San Rosendo', 11), ('Santa Bárbara', 11), ('Tucapel', 11), ('Yumbel', 11), ('Alto Biobío', 11),
('Temuco', 12), ('Carahue', 12), ('Cunco', 12), ('Curarrehue', 12), ('Freire', 12), ('Galvarino', 12), ('Gorbea', 12), ('Lautaro', 12), ('Loncoche', 12), ('Melipeuco', 12), ('Nueva Imperial', 12), ('Padre Las Casas', 12), ('Perquenco', 12), ('Pitrufquén', 12), ('Pucón', 12), ('Saavedra', 12), ('Teodoro Schmidt', 12), ('Toltén', 12), ('Vilcún', 12), ('Villarrica', 12), ('Cholchol', 12), ('Angol', 12), ('Collipulli', 12), ('Curacautín', 12), ('Ercilla', 12), ('Lonquimay', 12), ('Los Sauces', 12), ('Lumaco', 12), ('Purén', 12), ('Renaico', 12), ('Traiguén', 12), ('Victoria', 12),
('Valdivia', 13), ('Corral', 13), ('Lanco', 13), ('Los Lagos', 13), ('Máfil', 13), ('Mariquina', 13), ('Paillaco', 13), ('Panguipulli', 13), ('La Unión', 13), ('Futrono', 13), ('Lago Ranco', 13), ('Río Bueno', 13),
('Puerto Montt', 14), ('Calbuco', 14), ('Cochamó', 14), ('Fresia', 14), ('Frutillar', 14), ('Los Muermos', 14), ('Llanquihue', 14), ('Maullín', 14), ('Puerto Varas', 14), ('Castro', 14), ('Ancud', 14), ('Chonchi', 14), ('Curaco de Vélez', 14), ('Dalcahue', 14), ('Puqueldón', 14), ('Queilén', 14), ('Quellón', 14), ('Quemchi', 14), ('Quinchao', 14), ('Osorno', 14), ('Puerto Octay', 14), ('Purranque', 14), ('Puyehue', 14), ('Río Negro', 14), ('San Juan de la Costa', 14), ('San Pablo', 14), ('Chaitén', 14), ('Futaleufú', 14), ('Hualaihué', 14), ('Palena', 14),
('Coyhaique', 15), ('Lago Verde', 15), ('Aysén', 15), ('Cisnes', 15), ('Guaitecas', 15), ('Cochrane', 15), ('O''Higgins', 15), ('Tortel', 15), ('Chile Chico', 15), ('Río Ibáñez', 15),
('Punta Arenas', 16), ('Laguna Blanca', 16), ('Río Verde', 16), ('San Gregorio', 16), ('Cabo de Hornos', 16), ('Antártica', 16), ('Porvenir', 16), ('Primavera', 16), ('Timaukel', 16), ('Natales', 16), ('Torres del Paine', 16);

-- =================================================================
-- 2. CATEGORIAS DE PRODUCTOS
-- =================================================================
-- IDs Manuales para relacionar los productos fácilmente
INSERT INTO categoria (nombre) VALUES 
('Plato con Carne'), 
('Plato sin carne'), 
('Bebestible');      
-- =================================================================
-- 3. PRODUCTOS
-- =================================================================


INSERT INTO producto (nombre, descripcion, precio, stock, img, en_oferta, precio_oferta, id_categoria) VALUES
-- Categoría 1: Plato con Carne
('Choripán', 'Delicioso chorizo de Chillán asado a la parrilla dentro de un crujiente pan marraqueta.', 3000, 50, '/imagenes/productos/choripan.jpg', 0, NULL, 1),
('Completo Italiano', 'Tradicional completo chileno con vienesa, palta fresca, tomate picado y mayonesa casera.', 3500, 40, '/imagenes/productos/completo.jpg', 0, NULL, 1),
('Anticucho', 'Trozos jugosos de carne de vacuno, longaniza, cebolla y pimentón asados a la parrilla en brocheta.', 10000, 15, '/imagenes/productos/anticucho.jpg', 0, NULL, 1),
('Pastel de Choclo', 'Clásico plato chileno con pino de carne, pollo, huevo duro y aceitunas, cubierto con pasta de choclo dulce.', 17000, 10, '/imagenes/productos/pastelchoclo.jpg', 0, NULL, 1),
('Empanada de Pino', 'Masa rellena de carne picada, cebolla, aceitunas, pasas y huevo duro.', 5000, 30, '/imagenes/productos/empanada.jpg', 1, 4000, 1),

-- Categoría 2: Plato sin carne
('Choripán Vegano', 'Versión vegana del clásico choripán, con chorizo a base de plantas en pan marraqueta.', 3000, 20, '/imagenes/productos/choripanveg.jpg', 0, NULL, 2),
('Completo Italiano Vegano', 'Completo italiano 100% vegano, con salchicha vegetal, palta, tomate y mayonesa vegana.', 3500, 18, '/imagenes/productos/completoveg.jpg', 0, NULL, 2),
('Empanada Vegana', 'Empanada horneada rellena de un sabroso pino de champiñones, cebolla y especias.', 5000, 12, '/imagenes/productos/empanadaveg.jpg', 0, NULL, 2),
('Empanada de Queso', 'Empanada frita rellena de abundante queso derretido.', 5000, 25, '/imagenes/productos/empanadaqueso.jpg', 0, NULL, 2),
('Anticucho de Verduras', 'Brocheta de verduras de temporada (pimentón, cebolla, zapallo italiano, champiñón) asadas a la parrilla.', 8000, 8, '/imagenes/productos/anticuchoverdura.jpg', 0, NULL, 2),
('Pastel de Choclo Vegano', 'Versión vegana del pastel de choclo, con pino a base de soya texturizada y verduras, cubierto de pasta de choclo.', 17000, 5, '/imagenes/productos/pastelchocloveg.jpg', 0, NULL, 2),

-- Categoría 3: Bebestible
('Terremoto para Niños', 'Versión sin alcohol del terremoto, preparada con helado de piña y granadina.', 3000, 80, '/imagenes/productos/terremotoniños.jpg', 0, NULL, 3),
('Bebida Coca Cola', 'Clásica bebida Coca-Cola en formato lata o botella.', 2500, 200, '/imagenes/productos/coca-cola.jpg', 0, NULL, 3),
('Agua', 'Agua mineral sin gas, botella de 500cc.', 1800, 150, '/imagenes/productos/agua.jpg', 0, NULL, 3),
('Terremoto', 'Tradicional trago chileno con vino pipeño blanco, helado de piña y granadina.', 3500, 100, '/imagenes/productos/terremoto.jpg', 1, 3000, 3);

-- =================================================================
-- 4. PUBLICACIONES (BLOG)
-- =================================================================


INSERT INTO publicacion (titulo, bajada, detalle, imagen, contenido, fecha) VALUES
(
 'Historia de las fondas chilenas',
 'Conoce el origen y evolución de las tradicionales fondas chilenas y su importancia en las fiestas patrias.',
 'Historia y Cultura',
 '/imagenes/blogs/blog1.jpg',
 'Las fondas chilenas tienen su origen en el siglo XIX, evolucionando desde simples chinganas rurales hasta los grandes eventos masivos que conocemos hoy. Originalmente eran lugares de encuentro social donde se bebía chicha, se bailaba cueca y se comían platos típicos. Con el tiempo, se transformaron en el símbolo oficial de la celebración de las Fiestas Patrias, manteniendo vivas las tradiciones culinarias y folclóricas del país. Hoy en día, las fondas son un espacio imperdible cada 18 de septiembre.',
 '2025-09-01 10:00:00'
),
(
 'Receta del terremoto',
 'Aprende a preparar el clásico terremoto chileno en tu casa con esta receta fácil y tradicional.',
 'Recetas Típicas',
 '/imagenes/blogs/blog2.jpg',
 'El terremoto es una bebida típica de las fondas chilenas, famosa por su dulzor y su "engañoso" grado alcohólico. Para prepararlo necesitas: Vino pipeño blanco, Helado de piña y Granadina (opcionalmente Fernet o un chorrito de pisco). Preparación: En un vaso grande (ojalá de medio litro), pon dos bolas generosas de helado de piña. Luego, llena el vaso con el vino pipeño hasta casi el borde. Finalmente, agrega un chorrito de granadina para darle color y dulzor. ¡Revuelve y disfruta con responsabilidad!',
 '2025-09-10 15:30:00'
);
SET FOREIGN_KEY_CHECKS = 1;